{"cameraMode":{"drawMode":0,"name":"Shaded","section":"Shading Mode"},"sceneLighting":true,"audioPlay":false,"sceneViewState":{"m_AlwaysRefresh":false,"showFog":true,"showSkybox":true,"showFlares":true,"showImageEffects":true,"showParticleSystems":true,"showVisualEffectGraphs":true,"m_FxEnabled":true},"in2DMode":false,"pivot":{"x":0.33410054445266726,"y":1.4313883781433106,"z":2.1487045288085939},"rotation":{"x":-0.27135518193244936,"y":0.007793314289301634,"z":-0.002198475878685713,"w":-0.9624450206756592},"size":7.372203350067139,"orthographic":false}